id,resident_id,date,comm_type,direction,staff_member,family_contact,subject,trigger_event,body,family_response,follow_up,follow_up_actions,ai_drafted,approved_by,created
1,RES001,2025-09-05,In person,Outgoing,C. Fernandes,Pauline Brown (Daughter),Monthly update — Margaret,Routine update,"Spoke with Pauline Brown to give an update on Margaret. Reported that she has been settled, is eating and drinking well and has joined in with activities.",,No,,0,,2026-10-08 09:08:57
2,RES001,2025-10-05,In person,Outgoing,D. Osei,Pauline Brown (Daughter),Monthly update — Margaret,Routine update,"Spoke with Pauline Brown to give an update on Margaret. Reported that she has been settled, is eating and drinking well and has joined in with activities.",,No,,0,,2026-10-08 09:08:57
3,RES001,2025-11-04,Email,Outgoing,T. Nguyen,Pauline Brown (Daughter),Monthly update — Margaret,Change in condition,"Spoke with Pauline Brown to give an update on Margaret. Explained that we have noticed some decline in Margaret's appetite and mood, and that fluids are being monitored closely.",,Yes,,0,,2026-10-08 09:08:57
4,RES001,2025-12-04,Telephone,Outgoing,C. Fernandes,Pauline Brown (Daughter),Monthly update — Margaret,Change in condition,"Spoke with Pauline Brown to give an update on Margaret. Explained that we have noticed some decline in Margaret's appetite and mood, and that fluids are being monitored closely.",,Yes,,0,,2026-10-08 09:08:57
5,RES001,2026-01-03,In person,Outgoing,A. Whitfield,Pauline Brown (Daughter),Monthly update — Margaret,Change in condition,"Spoke with Pauline Brown to give an update on Margaret. Explained that we have noticed some decline in Margaret's appetite and mood, and that fluids are being monitored closely.",,Yes,,0,,2026-10-08 09:08:57
6,RES001,2026-02-02,Email,Outgoing,A. Whitfield,Pauline Brown (Daughter),Monthly update — Margaret,Change in condition,"Spoke with Pauline Brown to give an update on Margaret. Explained that we have noticed some decline in Margaret's appetite and mood, and that fluids are being monitored closely.",,Yes,,0,,2026-10-08 09:08:57
7,RES001,2026-03-04,In person,Outgoing,T. Nguyen,Pauline Brown (Daughter),Monthly update — Margaret,Change in condition,"Spoke with Pauline Brown to give an update on Margaret. Explained that we have noticed some decline in Margaret's appetite and mood, and that fluids are being monitored closely.",,Yes,,0,,2026-10-08 09:08:57
8,RES001,2026-04-03,Email,Outgoing,C. Fernandes,Pauline Brown (Daughter),Monthly update — Margaret,Change in condition,"Spoke with Pauline Brown to give an update on Margaret. Explained that we have noticed some decline in Margaret's appetite and mood, and that fluids are being monitored closely.",,Yes,,0,,2026-10-08 09:08:57
9,RES001,2026-05-03,Email,Outgoing,S. Patel,Pauline Brown (Daughter),Monthly update — Margaret,Change in condition,"Spoke with Pauline Brown to give an update on Margaret. Explained that we have noticed some decline in Margaret's appetite and mood, and that fluids are being monitored closely.",,Yes,,0,,2026-10-08 09:08:57
10,RES001,2026-06-02,Email,Outgoing,L. Ahmed,Pauline Brown (Daughter),Monthly update — Margaret,Change in condition,"Spoke with Pauline Brown to give an update on Margaret. Explained that we have noticed some decline in Margaret's appetite and mood, and that fluids are being monitored closely.",,Yes,,0,,2026-10-08 09:08:57
11,RES001,2026-07-02,In person,Outgoing,A. Whitfield,Pauline Brown (Daughter),Monthly update — Margaret,Change in condition,"Spoke with Pauline Brown to give an update on Margaret. Explained that we have noticed some decline in Margaret's appetite and mood, and that fluids are being monitored closely.",,Yes,,0,,2026-10-08 09:08:57
12,RES001,2026-08-01,In person,Outgoing,T. Nguyen,Pauline Brown (Daughter),Monthly update — Margaret,Change in condition,"Spoke with Pauline Brown to give an update on Margaret. Explained that we have noticed some decline in Margaret's appetite and mood, and that fluids are being monitored closely.",,Yes,,0,,2026-10-08 09:08:57
13,RES002,2025-09-05,Email,Outgoing,A. Whitfield,Hilda Wilson (Daughter),Monthly update — Doris,Change in condition,"Spoke with Hilda Wilson to give an update on Doris. Explained that we have noticed some decline in Doris's appetite and mood, and that fluids are being monitored closely.",,Yes,,0,,2026-10-08 09:08:57
14,RES002,2025-10-05,Telephone,Outgoing,S. Patel,Hilda Wilson (Daughter),Monthly update — Doris,Change in condition,"Spoke with Hilda Wilson to give an update on Doris. Explained that we have noticed some decline in Doris's appetite and mood, and that fluids are being monitored closely.",,Yes,,0,,2026-10-08 09:08:57
15,RES002,2025-11-04,Email,Outgoing,S. Patel,Hilda Wilson (Daughter),Monthly update — Doris,Routine update,"Spoke with Hilda Wilson to give an update on Doris. Reported that she has been settled, is eating and drinking well and has joined in with activities.",,No,,0,,2026-10-08 09:08:57
16,RES002,2025-12-04,Email,Outgoing,M. Nowak,Hilda Wilson (Daughter),Monthly update — Doris,Change in condition,"Spoke with Hilda Wilson to give an update on Doris. Explained that we have noticed some decline in Doris's appetite and mood, and that fluids are being monitored closely.",,Yes,,0,,2026-10-08 09:08:57
17,RES002,2026-01-03,In person,Outgoing,B. Mensah,Hilda Wilson (Daughter),Monthly update — Doris,Change in condition,"Spoke with Hilda Wilson to give an update on Doris. Explained that we have noticed some decline in Doris's appetite and mood, and that fluids are being monitored closely.",,Yes,,0,,2026-10-08 09:08:57
18,RES002,2026-02-02,Email,Outgoing,C. Fernandes,Hilda Wilson (Daughter),Monthly update — Doris,Change in condition,"Spoke with Hilda Wilson to give an update on Doris. Explained that we have noticed some decline in Doris's appetite and mood, and that fluids are being monitored closely.",,Yes,,0,,2026-10-08 09:08:57
19,RES002,2026-03-04,Telephone,Outgoing,R. Kowalski,Hilda Wilson (Daughter),Monthly update — Doris,Change in condition,"Spoke with Hilda Wilson to give an update on Doris. Explained that we have noticed some decline in Doris's appetite and mood, and that fluids are being monitored closely.",,Yes,,0,,2026-10-08 09:08:57
20,RES002,2026-04-03,In person,Outgoing,L. Ahmed,Hilda Wilson (Daughter),Monthly update — Doris,Change in condition,"Spoke with Hilda Wilson to give an update on Doris. Explained that we have noticed some decline in Doris's appetite and mood, and that fluids are being monitored closely.",,Yes,,0,,2026-10-08 09:08:57
21,RES002,2026-05-03,In person,Outgoing,D. Osei,Hilda Wilson (Daughter),Monthly update — Doris,Change in condition,"Spoke with Hilda Wilson to give an update on Doris. Explained that we have noticed some decline in Doris's appetite and mood, and that fluids are being monitored closely.",,Yes,,0,,2026-10-08 09:08:57
22,RES002,2026-06-02,Telephone,Outgoing,S. Patel,Hilda Wilson (Daughter),Monthly update — Doris,Deterioration / GP review,"Spoke with Hilda Wilson to give an update on Doris. Explained the recent deterioration, the increased observations now in place and that a GP review has been requested.",,Yes,,0,,2026-10-08 09:08:57
23,RES002,2026-07-02,Email,Outgoing,C. Fernandes,Hilda Wilson (Daughter),Monthly update — Doris,Change in condition,"Spoke with Hilda Wilson to give an update on Doris. Explained that we have noticed some decline in Doris's appetite and mood, and that fluids are being monitored closely.",,Yes,,0,,2026-10-08 09:08:57
24,RES002,2026-08-01,Email,Outgoing,K. Adeyemi,Hilda Wilson (Daughter),Monthly update — Doris,Change in condition,"Spoke with Hilda Wilson to give an update on Doris. Explained that we have noticed some decline in Doris's appetite and mood, and that fluids are being monitored closely.",,Yes,,0,,2026-10-08 09:08:57
25,RES003,2025-09-05,Email,Outgoing,K. Adeyemi,Sylvia Taylor (Daughter),Monthly update — Ethel,Change in condition,"Spoke with Sylvia Taylor to give an update on Ethel. Explained that we have noticed some decline in Ethel's appetite and mood, and that fluids are being monitored closely.",,Yes,,0,,2026-10-08 09:08:57
26,RES003,2025-10-05,Email,Outgoing,M. Nowak,Sylvia Taylor (Daughter),Monthly update — Ethel,Routine update,"Spoke with Sylvia Taylor to give an update on Ethel. Reported that she has been settled, is eating and drinking well and has joined in with activities.",,No,,0,,2026-10-08 09:08:57
27,RES003,2025-11-04,In person,Outgoing,S. Patel,Sylvia Taylor (Daughter),Monthly update — Ethel,Routine update,"Spoke with Sylvia Taylor to give an update on Ethel. Reported that she has been settled, is eating and drinking well and has joined in with activities.",,No,,0,,2026-10-08 09:08:57
28,RES003,2025-12-04,In person,Outgoing,D. Osei,Sylvia Taylor (Daughter),Monthly update — Ethel,Routine update,"Spoke with Sylvia Taylor to give an update on Ethel. Reported that she has been settled, is eating and drinking well and has joined in with activities.",,No,,0,,2026-10-08 09:08:57
29,RES003,2026-01-03,Email,Outgoing,C. Fernandes,Sylvia Taylor (Daughter),Monthly update — Ethel,Routine update,"Spoke with Sylvia Taylor to give an update on Ethel. Reported that she has been settled, is eating and drinking well and has joined in with activities.",,No,,0,,2026-10-08 09:08:57
30,RES003,2026-02-02,Email,Outgoing,M. Nowak,Sylvia Taylor (Daughter),Monthly update — Ethel,Routine update,"Spoke with Sylvia Taylor to give an update on Ethel. Reported that she has been settled, is eating and drinking well and has joined in with activities.",,No,,0,,2026-10-08 09:08:57
31,RES003,2026-03-04,Email,Outgoing,P. Sharma,Sylvia Taylor (Daughter),Monthly update — Ethel,Routine update,"Spoke with Sylvia Taylor to give an update on Ethel. Reported that she has been settled, is eating and drinking well and has joined in with activities.",,No,,0,,2026-10-08 09:08:57
32,RES003,2026-04-03,Telephone,Outgoing,D. Osei,Sylvia Taylor (Daughter),Monthly update — Ethel,Routine update,"Spoke with Sylvia Taylor to give an update on Ethel. Reported that she has been settled, is eating and drinking well and has joined in with activities.",,No,,0,,2026-10-08 09:08:57
33,RES003,2026-05-03,In person,Outgoing,T. Nguyen,Sylvia Taylor (Daughter),Monthly update — Ethel,Deterioration / GP review,"Spoke with Sylvia Taylor to give an update on Ethel. Explained the recent deterioration, the increased observations now in place and that a GP review has been requested.",,Yes,,0,,2026-10-08 09:08:57
34,RES003,2026-06-02,Telephone,Outgoing,R. Kowalski,Sylvia Taylor (Daughter),Monthly update — Ethel,Change in condition,"Spoke with Sylvia Taylor to give an update on Ethel. Explained that we have noticed some decline in Ethel's appetite and mood, and that fluids are being monitored closely.",,Yes,,0,,2026-10-08 09:08:57
35,RES003,2026-07-02,Email,Outgoing,B. Mensah,Sylvia Taylor (Daughter),Monthly update — Ethel,Change in condition,"Spoke with Sylvia Taylor to give an update on Ethel. Explained that we have noticed some decline in Ethel's appetite and mood, and that fluids are being monitored closely.",,Yes,,0,,2026-10-08 09:08:57
36,RES003,2026-08-01,Email,Outgoing,T. Nguyen,Sylvia Taylor (Daughter),Monthly update — Ethel,Change in condition,"Spoke with Sylvia Taylor to give an update on Ethel. Explained that we have noticed some decline in Ethel's appetite and mood, and that fluids are being monitored closely.",,Yes,,0,,2026-10-08 09:08:57
37,RES004,2025-09-05,Email,Outgoing,J. Okafor,Wilfred Davies (Nephew),Monthly update — Arthur,Change in condition,"Spoke with Wilfred Davies to give an update on Arthur. Explained that we have noticed some decline in Arthur's appetite and mood, and that fluids are being monitored closely.",,Yes,,0,,2026-10-08 09:08:57
38,RES004,2025-10-05,Email,Outgoing,K. Adeyemi,Wilfred Davies (Nephew),Monthly update — Arthur,Change in condition,"Spoke with Wilfred Davies to give an update on Arthur. Explained that we have noticed some decline in Arthur's appetite and mood, and that fluids are being monitored closely.",,Yes,,0,,2026-10-08 09:08:57
39,RES004,2025-11-04,Telephone,Outgoing,P. Sharma,Wilfred Davies (Nephew),Monthly update — Arthur,Change in condition,"Spoke with Wilfred Davies to give an update on Arthur. Explained that we have noticed some decline in Arthur's appetite and mood, and that fluids are being monitored closely.",,Yes,,0,,2026-10-08 09:08:57
40,RES004,2025-12-04,Email,Outgoing,J. Okafor,Wilfred Davies (Nephew),Monthly update — Arthur,Deterioration / GP review,"Spoke with Wilfred Davies to give an update on Arthur. Explained the recent deterioration, the increased observations now in place and that a GP review has been requested.",,Yes,,0,,2026-10-08 09:08:57
41,RES004,2026-01-03,In person,Outgoing,B. Mensah,Wilfred Davies (Nephew),Monthly update — Arthur,Change in condition,"Spoke with Wilfred Davies to give an update on Arthur. Explained that we have noticed some decline in Arthur's appetite and mood, and that fluids are being monitored closely.",,Yes,,0,,2026-10-08 09:08:57
42,RES004,2026-02-02,Email,Outgoing,D. Osei,Wilfred Davies (Nephew),Monthly update — Arthur,Deterioration / GP review,"Spoke with Wilfred Davies to give an update on Arthur. Explained the recent deterioration, the increased observations now in place and that a GP review has been requested.",,Yes,,0,,2026-10-08 09:08:57
43,RES004,2026-03-04,In person,Outgoing,R. Kowalski,Wilfred Davies (Nephew),Monthly update — Arthur,Deterioration / GP review,"Spoke with Wilfred Davies to give an update on Arthur. Explained the recent deterioration, the increased observations now in place and that a GP review has been requested.",,Yes,,0,,2026-10-08 09:08:57
44,RES004,2026-04-03,Telephone,Outgoing,S. Patel,Wilfred Davies (Nephew),Monthly update — Arthur,Deterioration / GP review,"Spoke with Wilfred Davies to give an update on Arthur. Explained the recent deterioration, the increased observations now in place and that a GP review has been requested.",,Yes,,0,,2026-10-08 09:08:57
45,RES004,2026-05-03,In person,Outgoing,D. Osei,Wilfred Davies (Nephew),Monthly update — Arthur,Deterioration / GP review,"Spoke with Wilfred Davies to give an update on Arthur. Explained the recent deterioration, the increased observations now in place and that a GP review has been requested.",,Yes,,0,,2026-10-08 09:08:57
46,RES004,2026-06-02,Telephone,Outgoing,A. Whitfield,Wilfred Davies (Nephew),Monthly update — Arthur,Deterioration / GP review,"Spoke with Wilfred Davies to give an update on Arthur. Explained the recent deterioration, the increased observations now in place and that a GP review has been requested.",,Yes,,0,,2026-10-08 09:08:57
47,RES004,2026-07-02,In person,Outgoing,D. Osei,Wilfred Davies (Nephew),Monthly update — Arthur,Deterioration / GP review,"Spoke with Wilfred Davies to give an update on Arthur. Explained the recent deterioration, the increased observations now in place and that a GP review has been requested.",,Yes,,0,,2026-10-08 09:08:57
48,RES004,2026-08-01,Telephone,Outgoing,S. Patel,Wilfred Davies (Nephew),Monthly update — Arthur,Deterioration / GP review,"Spoke with Wilfred Davies to give an update on Arthur. Explained the recent deterioration, the increased observations now in place and that a GP review has been requested.",,Yes,,0,,2026-10-08 09:08:57
49,RES005,2025-09-05,Telephone,Outgoing,A. Whitfield,Walter Evans (Spouse),Monthly update — Albert,Change in condition,"Spoke with Walter Evans to give an update on Albert. Explained that we have noticed some decline in Albert's appetite and mood, and that fluids are being monitored closely.",,Yes,,0,,2026-10-08 09:08:57
50,RES005,2025-10-05,Telephone,Outgoing,T. Nguyen,Walter Evans (Spouse),Monthly update — Albert,Change in condition,"Spoke with Walter Evans to give an update on Albert. Explained that we have noticed some decline in Albert's appetite and mood, and that fluids are being monitored closely.",,Yes,,0,,2026-10-08 09:08:57
51,RES005,2025-11-04,Telephone,Outgoing,B. Mensah,Walter Evans (Spouse),Monthly update — Albert,Change in condition,"Spoke with Walter Evans to give an update on Albert. Explained that we have noticed some decline in Albert's appetite and mood, and that fluids are being monitored closely.",,Yes,,0,,2026-10-08 09:08:57
52,RES005,2025-12-04,Telephone,Outgoing,T. Nguyen,Walter Evans (Spouse),Monthly update — Albert,Deterioration / GP review,"Spoke with Walter Evans to give an update on Albert. Explained the recent deterioration, the increased observations now in place and that a GP review has been requested.",,Yes,,0,,2026-10-08 09:08:57
53,RES005,2026-01-03,Email,Outgoing,A. Whitfield,Walter Evans (Spouse),Monthly update — Albert,Deterioration / GP review,"Spoke with Walter Evans to give an update on Albert. Explained the recent deterioration, the increased observations now in place and that a GP review has been requested.",,Yes,,0,,2026-10-08 09:08:57
54,RES005,2026-02-02,Email,Outgoing,D. Osei,Walter Evans (Spouse),Monthly update — Albert,Deterioration / GP review,"Spoke with Walter Evans to give an update on Albert. Explained the recent deterioration, the increased observations now in place and that a GP review has been requested.",,Yes,,0,,2026-10-08 09:08:57
55,RES005,2026-03-04,Telephone,Outgoing,M. Nowak,Walter Evans (Spouse),Monthly update — Albert,Change in condition,"Spoke with Walter Evans to give an update on Albert. Explained that we have noticed some decline in Albert's appetite and mood, and that fluids are being monitored closely.",,Yes,,0,,2026-10-08 09:08:57
56,RES005,2026-04-03,In person,Outgoing,P. Sharma,Walter Evans (Spouse),Monthly update — Albert,Change in condition,"Spoke with Walter Evans to give an update on Albert. Explained that we have noticed some decline in Albert's appetite and mood, and that fluids are being monitored closely.",,Yes,,0,,2026-10-08 09:08:57
57,RES005,2026-05-03,In person,Outgoing,B. Mensah,Walter Evans (Spouse),Monthly update — Albert,Change in condition,"Spoke with Walter Evans to give an update on Albert. Explained that we have noticed some decline in Albert's appetite and mood, and that fluids are being monitored closely.",,Yes,,0,,2026-10-08 09:08:57
58,RES005,2026-06-02,In person,Outgoing,A. Whitfield,Walter Evans (Spouse),Monthly update — Albert,Change in condition,"Spoke with Walter Evans to give an update on Albert. Explained that we have noticed some decline in Albert's appetite and mood, and that fluids are being monitored closely.",,Yes,,0,,2026-10-08 09:08:57
59,RES005,2026-07-02,In person,Outgoing,C. Fernandes,Walter Evans (Spouse),Monthly update — Albert,Change in condition,"Spoke with Walter Evans to give an update on Albert. Explained that we have noticed some decline in Albert's appetite and mood, and that fluids are being monitored closely.",,Yes,,0,,2026-10-08 09:08:57
60,RES005,2026-08-01,In person,Outgoing,D. Osei,Walter Evans (Spouse),Monthly update — Albert,Change in condition,"Spoke with Walter Evans to give an update on Albert. Explained that we have noticed some decline in Albert's appetite and mood, and that fluids are being monitored closely.",,Yes,,0,,2026-10-08 09:08:57
