id,incident_id,resident_id,date,time,shift,incident_type,severity,location,witnessed,witness_name,staff_first_on_scene,description,immediate_actions,injuries,medical_attention,outcome,gp_notified,family_notified,cqc_notification,risk_assessment_updated,care_plan_updated,investigation_required,investigation_summary,lessons_learned,preventative_actions,manager_sign_off,manager_sign_off_date,status,ai_generated,created
1,INC-RES001-0250,RES001,2026-04-28,09:35,Night,Fall,Moderate,Lounge,No,D. Osei,T. Nguyen,Margaret was seen to slip while transferring from the armchair at 09:35. Staff were present but unable to prevent the fall.,Assessed in situ for injury before moving. Neurological observations commenced. Senior carer and nurse in charge informed.,Graze to knee,GP informed,Monitoring continued; no further deterioration in the following 24 hours.,Yes,Yes,,Yes,,Yes,,Fall occurred during an unsupervised transfer; call bell was in reach but not used.,Falls risk assessment reviewed. Hourly checks continued and mobility aid position reinforced with the resident and staff.,,,closed,0,2026-10-08 07:34:04
2,INC-RES002-0018-O,RES002,2025-09-08,14:05,Morning,Near miss,Minor,Bedroom,Yes,,M. Nowak,Near miss recorded for Doris and actioned by the shift lead.,"Recorded, resident reassured and senior carer informed.",,,,,,,,,,,,,,,closed,0,2026-10-08 07:34:04
3,INC-RES002-0074-O,RES002,2025-11-03,14:05,Afternoon,Skin concern,Minor,Bedroom,Yes,,T. Nguyen,Skin concern recorded for Doris and actioned by the shift lead.,"Recorded, resident reassured and senior carer informed.",,,,,,,,,,,,,,,closed,0,2026-10-08 07:34:04
4,INC-RES002-0091-O,RES002,2025-11-20,12:05,Night,Choking risk,Minor,Bedroom,Yes,,A. Whitfield,Choking risk recorded for Doris and actioned by the shift lead.,"Recorded, resident reassured and senior carer informed.",,,,,,,,,,,,,,,closed,0,2026-10-08 07:34:04
5,INC-RES002-0290,RES002,2026-06-07,20:55,Morning,Fall,Moderate,Bedroom,Yes,J. Okafor,J. Okafor,Doris was seen to slip while transferring from the armchair at 20:55. Staff were present but unable to prevent the fall.,Assessed in situ for injury before moving. Neurological observations commenced. Senior carer and nurse in charge informed.,Bruising to right hip,GP informed,Monitoring continued; no further deterioration in the following 24 hours.,Yes,Yes,,Yes,,Yes,,Fall occurred during an unsupervised transfer; call bell was in reach but not used.,Falls risk assessment reviewed. Hourly checks continued and mobility aid position reinforced with the resident and staff.,,,closed,0,2026-10-08 07:34:04
6,INC-RES003-0268-O,RES003,2026-05-16,15:05,Morning,Behavioural,Minor,Lounge,Yes,,J. Okafor,Behavioural recorded for Ethel and actioned by the shift lead.,"Recorded, resident reassured and senior carer informed.",,,,,,,,,,,,,,,closed,0,2026-10-08 07:34:04
7,INC-RES004-0076-O,RES004,2025-11-05,17:05,Afternoon,Medication error,Minor,Dining room,Yes,,S. Patel,Medication error recorded for Arthur and actioned by the shift lead.,"Recorded, resident reassured and senior carer informed.",,,,,,,,,,,,,,,closed,0,2026-10-08 07:34:04
8,INC-RES004-0106,RES004,2025-12-05,12:55,Morning,Fall,Moderate,Corridor,Yes,M. Nowak,D. Osei,Arthur was found on the floor beside the bed at 12:55. No witnesses to the fall.,Assessed in situ for injury before moving. Neurological observations commenced. Senior carer and nurse in charge informed.,Bruising to elbow,GP informed,Monitoring continued; no further deterioration in the following 24 hours.,Yes,Yes,,Yes,,Yes,,Fall occurred during an unsupervised transfer; call bell was in reach but not used.,Falls risk assessment reviewed. Hourly checks continued and mobility aid position reinforced with the resident and staff.,,,closed,0,2026-10-08 07:34:04
9,INC-RES004-0147-O,RES004,2026-01-15,19:05,Afternoon,Behavioural,Minor,Lounge,Yes,,S. Patel,Behavioural recorded for Arthur and actioned by the shift lead.,"Recorded, resident reassured and senior carer informed.",,,,,,,,,,,,,,,closed,0,2026-10-08 07:34:04
10,INC-RES004-0155-O,RES004,2026-01-23,21:05,Night,Behavioural,Minor,Lounge,Yes,,D. Osei,Behavioural recorded for Arthur and actioned by the shift lead.,"Recorded, resident reassured and senior carer informed.",,,,,,,,,,,,,,,closed,0,2026-10-08 07:34:04
11,INC-RES004-0250,RES004,2026-04-28,10:40,Night,Fall,Moderate,Lounge,No,C. Fernandes,P. Sharma,Arthur was seen to slip while transferring from the armchair at 10:40. Staff were present but unable to prevent the fall.,Assessed in situ for injury before moving. Neurological observations commenced. Senior carer and nurse in charge informed.,Bruising to right hip,GP informed,Monitoring continued; no further deterioration in the following 24 hours.,Yes,Yes,,Yes,,Yes,,Fall occurred during an unsupervised transfer; call bell was in reach but not used.,Falls risk assessment reviewed. Hourly checks continued and mobility aid position reinforced with the resident and staff.,,,closed,0,2026-10-08 07:34:04
12,INC-RES004-0261-O,RES004,2026-05-09,15:05,Morning,Near miss,Minor,Lounge,Yes,,P. Sharma,Near miss recorded for Arthur and actioned by the shift lead.,"Recorded, resident reassured and senior carer informed.",,,,,,,,,,,,,,,closed,0,2026-10-08 07:34:04
13,INC-RES004-0278-O,RES004,2026-05-26,12:05,Night,Skin concern,Minor,Dining room,Yes,,L. Ahmed,Skin concern recorded for Arthur and actioned by the shift lead.,"Recorded, resident reassured and senior carer informed.",,,,,,,,,,,,,,,closed,0,2026-10-08 07:34:04
14,INC-RES004-0281,RES004,2026-05-29,22:15,Afternoon,Fall,Moderate,Bathroom,No,R. Kowalski,T. Nguyen,Arthur was found on the floor beside the bed at 22:15. No witnesses to the fall.,Assessed in situ for injury before moving. Neurological observations commenced. Senior carer and nurse in charge informed.,Bruising to right hip,GP informed,Monitoring continued; no further deterioration in the following 24 hours.,Yes,Yes,,Yes,,Yes,,Fall occurred during an unsupervised transfer; call bell was in reach but not used.,Falls risk assessment reviewed. Hourly checks continued and mobility aid position reinforced with the resident and staff.,,,closed,0,2026-10-08 07:34:04
15,INC-RES004-0306-O,RES004,2026-06-23,15:05,Afternoon,Skin concern,Minor,Bedroom,Yes,,R. Kowalski,Skin concern recorded for Arthur and actioned by the shift lead.,"Recorded, resident reassured and senior carer informed.",,,,,,,,,,,,,,,closed,0,2026-10-08 07:34:04
16,INC-RES004-0310,RES004,2026-06-27,08:20,Morning,Fall,Moderate,Bedroom,Yes,M. Nowak,T. Nguyen,Arthur lost balance while walking to the bedroom with a walking frame at 08:20 and lowered to the floor.,Assessed in situ for injury before moving. Neurological observations commenced. Senior carer and nurse in charge informed.,None apparent,GP informed,Monitoring continued; no further deterioration in the following 24 hours.,Yes,Yes,,Yes,,Yes,,Fall occurred during an unsupervised transfer; call bell was in reach but not used.,Falls risk assessment reviewed. Hourly checks continued and mobility aid position reinforced with the resident and staff.,,,closed,0,2026-10-08 07:34:04
17,INC-RES004-0313-O,RES004,2026-06-30,07:05,Night,Behavioural,Minor,Lounge,Yes,,R. Kowalski,Behavioural recorded for Arthur and actioned by the shift lead.,"Recorded, resident reassured and senior carer informed.",,,,,,,,,,,,,,,closed,0,2026-10-08 07:34:04
18,INC-RES004-0317,RES004,2026-07-04,10:55,Night,Fall,Moderate,Bedroom,Yes,C. Fernandes,J. Okafor,Arthur was found on the floor beside the bed at 10:55. No witnesses to the fall.,Assessed in situ for injury before moving. Neurological observations commenced. Senior carer and nurse in charge informed.,Bruising to elbow,GP informed,Monitoring continued; no further deterioration in the following 24 hours.,Yes,Yes,,Yes,,Yes,,Fall occurred during an unsupervised transfer; call bell was in reach but not used.,Falls risk assessment reviewed. Hourly checks continued and mobility aid position reinforced with the resident and staff.,,,closed,0,2026-10-08 07:34:04
19,INC-RES005-0023-O,RES005,2025-09-13,15:05,Morning,Choking risk,Minor,Dining room,Yes,,B. Mensah,Choking risk recorded for Albert and actioned by the shift lead.,"Recorded, resident reassured and senior carer informed.",,,,,,,,,,,,,,,closed,0,2026-10-08 07:34:04
20,INC-RES005-0126,RES005,2025-12-25,20:15,Night,Fall,Moderate,Dining room,Yes,S. Patel,K. Adeyemi,Albert was heard calling out and was found sitting on the floor of the dining room at 20:15.,Assessed in situ for injury before moving. Neurological observations commenced. Senior carer and nurse in charge informed.,Graze to knee,GP informed,Monitoring continued; no further deterioration in the following 24 hours.,Yes,Yes,,Yes,,Yes,,Fall occurred during an unsupervised transfer; call bell was in reach but not used.,Falls risk assessment reviewed. Hourly checks continued and mobility aid position reinforced with the resident and staff.,,,closed,0,2026-10-08 07:34:04
21,INC-RES005-0129,RES005,2025-12-28,20:05,Morning,Fall,Moderate,Bedroom,Yes,R. Kowalski,R. Kowalski,Albert lost balance while walking to the bedroom with a walking frame at 20:05 and lowered to the floor.,Assessed in situ for injury before moving. Neurological observations commenced. Senior carer and nurse in charge informed.,Skin tear to left forearm,GP informed,Monitoring continued; no further deterioration in the following 24 hours.,Yes,Yes,,Yes,,Yes,,Fall occurred during an unsupervised transfer; call bell was in reach but not used.,Falls risk assessment reviewed. Hourly checks continued and mobility aid position reinforced with the resident and staff.,,,closed,0,2026-10-08 07:34:04
22,INC-RES005-0132,RES005,2025-12-31,17:05,Night,Fall,Moderate,Bedroom,Yes,M. Nowak,P. Sharma,Albert was heard calling out and was found sitting on the floor of the bedroom at 17:05.,Assessed in situ for injury before moving. Neurological observations commenced. Senior carer and nurse in charge informed.,None apparent,GP informed,Monitoring continued; no further deterioration in the following 24 hours.,Yes,Yes,,Yes,,Yes,,Fall occurred during an unsupervised transfer; call bell was in reach but not used.,Falls risk assessment reviewed. Hourly checks continued and mobility aid position reinforced with the resident and staff.,,,closed,0,2026-10-08 07:34:04
23,INC-RES005-0135,RES005,2026-01-03,17:40,Night,Fall,Moderate,Lounge,Yes,D. Osei,B. Mensah,Albert was found on the floor beside the bed at 17:40. No witnesses to the fall.,Assessed in situ for injury before moving. Neurological observations commenced. Senior carer and nurse in charge informed.,None apparent,GP informed,Monitoring continued; no further deterioration in the following 24 hours.,Yes,Yes,,Yes,,Yes,,Fall occurred during an unsupervised transfer; call bell was in reach but not used.,Falls risk assessment reviewed. Hourly checks continued and mobility aid position reinforced with the resident and staff.,,,closed,0,2026-10-08 07:34:04
24,INC-RES005-0147,RES005,2026-01-15,18:05,Morning,Fall,Moderate,Corridor,Yes,R. Kowalski,L. Ahmed,Albert was heard calling out and was found sitting on the floor of the corridor at 18:05.,Assessed in situ for injury before moving. Neurological observations commenced. Senior carer and nurse in charge informed.,None apparent,GP informed,Monitoring continued; no further deterioration in the following 24 hours.,Yes,Yes,,Yes,,Yes,,Fall occurred during an unsupervised transfer; call bell was in reach but not used.,Falls risk assessment reviewed. Hourly checks continued and mobility aid position reinforced with the resident and staff.,,,closed,0,2026-10-08 07:34:04
25,INC-RES005-0151-O,RES005,2026-01-19,12:05,Night,Choking risk,Minor,Bedroom,Yes,,A. Whitfield,Choking risk recorded for Albert and actioned by the shift lead.,"Recorded, resident reassured and senior carer informed.",,,,,,,,,,,,,,,closed,0,2026-10-08 07:34:04
26,INC-RES005-0172-O,RES005,2026-02-09,16:05,Afternoon,Near miss,Minor,Lounge,Yes,,R. Kowalski,Near miss recorded for Albert and actioned by the shift lead.,"Recorded, resident reassured and senior carer informed.",,,,,,,,,,,,,,,closed,0,2026-10-08 07:34:04
27,INC-RES005-0215-O,RES005,2026-03-24,10:05,Afternoon,Near miss,Minor,Bedroom,Yes,,A. Whitfield,Near miss recorded for Albert and actioned by the shift lead.,"Recorded, resident reassured and senior carer informed.",,,,,,,,,,,,,,,closed,0,2026-10-08 07:34:04
