id,resident_id,assessment_type,date_assessed,assessed_by,review_date,score,risk_level,risk_factors,interventions,additional_actions,outcome_measures,narrative,ai_generated,status,created
1,RES001,falls,2025-08-21,M. Nowak,2025-10-20,12,high,"Walking frame, supervised; polypharmacy (4 medicines); Osteoarthritis.","Hourly checks, sensor mat, low bed.",,,Falls risk assessed as high with a score of 12/25 on 2025-08-21. Review due in 60 days or sooner after any incident.,0,approved,2026-10-08 07:34:04
2,RES001,falls,2025-10-20,K. Adeyemi,2025-12-19,11,medium,"Walking frame, supervised; polypharmacy (4 medicines); Osteoarthritis.",Standard falls precautions and call bell in reach.,,,Falls risk assessed as medium with a score of 11/25 on 2025-10-20. Review due in 60 days or sooner after any incident.,0,approved,2026-10-08 07:34:04
3,RES001,falls,2025-12-19,C. Fernandes,2026-02-17,10,medium,"Walking frame, supervised; polypharmacy (4 medicines); Osteoarthritis.",Standard falls precautions and call bell in reach.,,,Falls risk assessed as medium with a score of 10/25 on 2025-12-19. Review due in 60 days or sooner after any incident.,0,approved,2026-10-08 07:34:04
4,RES001,falls,2026-02-17,S. Patel,2026-04-18,13,high,"Walking frame, supervised; polypharmacy (4 medicines); Osteoarthritis.","Hourly checks, sensor mat, low bed.",,,Falls risk assessed as high with a score of 13/25 on 2026-02-17. Review due in 60 days or sooner after any incident.,0,approved,2026-10-08 07:34:04
5,RES001,falls,2026-04-18,D. Osei,2026-06-17,14,high,"Walking frame, supervised; polypharmacy (4 medicines); Osteoarthritis.","Hourly checks, sensor mat, low bed.",,,Falls risk assessed as high with a score of 14/25 on 2026-04-18. Review due in 60 days or sooner after any incident.,0,approved,2026-10-08 07:34:04
6,RES001,falls,2026-06-17,P. Sharma,2026-08-16,16,high,"Walking frame, supervised; polypharmacy (4 medicines); Osteoarthritis.","Hourly checks, sensor mat, low bed.",,,Falls risk assessed as high with a score of 16/25 on 2026-06-17. Review due in 60 days or sooner after any incident.,0,approved,2026-10-08 07:34:04
7,RES001,falls,2026-08-16,K. Adeyemi,2026-10-15,15,high,"Walking frame, supervised; polypharmacy (4 medicines); Osteoarthritis.","Hourly checks, sensor mat, low bed.",,,Falls risk assessed as high with a score of 15/25 on 2026-08-16. Review due in 60 days or sooner after any incident.,0,approved,2026-10-08 07:34:04
8,RES002,falls,2025-08-21,J. Okafor,2025-10-20,10,medium,"Walking frame, supervised; polypharmacy (3 medicines); Heart Failure.",Standard falls precautions and call bell in reach.,,,Falls risk assessed as medium with a score of 10/25 on 2025-08-21. Review due in 60 days or sooner after any incident.,0,approved,2026-10-08 07:34:04
9,RES002,falls,2025-10-20,T. Nguyen,2025-12-19,10,medium,"Walking frame, supervised; polypharmacy (3 medicines); Heart Failure.",Standard falls precautions and call bell in reach.,,,Falls risk assessed as medium with a score of 10/25 on 2025-10-20. Review due in 60 days or sooner after any incident.,0,approved,2026-10-08 07:34:04
10,RES002,falls,2025-12-19,L. Ahmed,2026-02-17,13,high,"Walking frame, supervised; polypharmacy (3 medicines); Heart Failure.","Hourly checks, sensor mat, low bed.",,,Falls risk assessed as high with a score of 13/25 on 2025-12-19. Review due in 60 days or sooner after any incident.,0,approved,2026-10-08 07:34:04
11,RES002,falls,2026-02-17,M. Nowak,2026-04-18,12,high,"Walking frame, supervised; polypharmacy (3 medicines); Heart Failure.","Hourly checks, sensor mat, low bed.",,,Falls risk assessed as high with a score of 12/25 on 2026-02-17. Review due in 60 days or sooner after any incident.,0,approved,2026-10-08 07:34:04
12,RES002,falls,2026-04-18,T. Nguyen,2026-06-17,12,high,"Walking frame, supervised; polypharmacy (3 medicines); Heart Failure.","Hourly checks, sensor mat, low bed.",,,Falls risk assessed as high with a score of 12/25 on 2026-04-18. Review due in 60 days or sooner after any incident.,0,approved,2026-10-08 07:34:04
13,RES002,falls,2026-06-17,M. Nowak,2026-08-16,22,very_high,"Walking frame, supervised; polypharmacy (3 medicines); Heart Failure.","Hourly checks, sensor mat, low bed.",,,Falls risk assessed as very high with a score of 22/25 on 2026-06-17. Review due in 60 days or sooner after any incident.,0,approved,2026-10-08 07:34:04
14,RES002,falls,2026-08-16,A. Whitfield,2026-10-15,15,high,"Walking frame, supervised; polypharmacy (3 medicines); Heart Failure.","Hourly checks, sensor mat, low bed.",,,Falls risk assessed as high with a score of 15/25 on 2026-08-16. Review due in 60 days or sooner after any incident.,0,approved,2026-10-08 07:34:04
15,RES003,falls,2025-08-21,K. Adeyemi,2025-10-20,12,high,Requires 1-person assist; polypharmacy (7 medicines); Frailty Syndrome.,"Hourly checks, sensor mat, low bed.",,,Falls risk assessed as high with a score of 12/25 on 2025-08-21. Review due in 60 days or sooner after any incident.,0,approved,2026-10-08 07:34:04
16,RES003,falls,2025-10-20,A. Whitfield,2025-12-19,10,medium,Requires 1-person assist; polypharmacy (7 medicines); Frailty Syndrome.,Standard falls precautions and call bell in reach.,,,Falls risk assessed as medium with a score of 10/25 on 2025-10-20. Review due in 60 days or sooner after any incident.,0,approved,2026-10-08 07:34:04
17,RES003,falls,2025-12-19,M. Nowak,2026-02-17,8,medium,Requires 1-person assist; polypharmacy (7 medicines); Frailty Syndrome.,Standard falls precautions and call bell in reach.,,,Falls risk assessed as medium with a score of 8/25 on 2025-12-19. Review due in 60 days or sooner after any incident.,0,approved,2026-10-08 07:34:04
18,RES003,falls,2026-02-17,S. Patel,2026-04-18,10,medium,Requires 1-person assist; polypharmacy (7 medicines); Frailty Syndrome.,Standard falls precautions and call bell in reach.,,,Falls risk assessed as medium with a score of 10/25 on 2026-02-17. Review due in 60 days or sooner after any incident.,0,approved,2026-10-08 07:34:04
19,RES003,falls,2026-04-18,R. Kowalski,2026-06-17,18,very_high,Requires 1-person assist; polypharmacy (7 medicines); Frailty Syndrome.,"Hourly checks, sensor mat, low bed.",,,Falls risk assessed as very high with a score of 18/25 on 2026-04-18. Review due in 60 days or sooner after any incident.,0,approved,2026-10-08 07:34:04
20,RES003,falls,2026-06-17,C. Fernandes,2026-08-16,20,very_high,Requires 1-person assist; polypharmacy (7 medicines); Frailty Syndrome.,"Hourly checks, sensor mat, low bed.",,,Falls risk assessed as very high with a score of 20/25 on 2026-06-17. Review due in 60 days or sooner after any incident.,0,approved,2026-10-08 07:34:04
21,RES003,falls,2026-08-16,S. Patel,2026-10-15,12,high,Requires 1-person assist; polypharmacy (7 medicines); Frailty Syndrome.,"Hourly checks, sensor mat, low bed.",,,Falls risk assessed as high with a score of 12/25 on 2026-08-16. Review due in 60 days or sooner after any incident.,0,approved,2026-10-08 07:34:04
22,RES004,falls,2025-08-21,C. Fernandes,2025-10-20,13,high,"Walking frame, supervised; polypharmacy (4 medicines); Lewy Body Dementia.","Hourly checks, sensor mat, low bed.",,,Falls risk assessed as high with a score of 13/25 on 2025-08-21. Review due in 60 days or sooner after any incident.,0,approved,2026-10-08 07:34:04
23,RES004,falls,2025-10-20,R. Kowalski,2025-12-19,15,high,"Walking frame, supervised; polypharmacy (4 medicines); Lewy Body Dementia.","Hourly checks, sensor mat, low bed.",,,Falls risk assessed as high with a score of 15/25 on 2025-10-20. Review due in 60 days or sooner after any incident.,0,approved,2026-10-08 07:34:04
24,RES004,falls,2025-12-19,K. Adeyemi,2026-02-17,18,very_high,"Walking frame, supervised; polypharmacy (4 medicines); Lewy Body Dementia.","Hourly checks, sensor mat, low bed.",,,Falls risk assessed as very high with a score of 18/25 on 2025-12-19. Review due in 60 days or sooner after any incident.,0,approved,2026-10-08 07:34:04
25,RES004,falls,2026-02-17,A. Whitfield,2026-04-18,17,high,"Walking frame, supervised; polypharmacy (4 medicines); Lewy Body Dementia.","Hourly checks, sensor mat, low bed.",,,Falls risk assessed as high with a score of 17/25 on 2026-02-17. Review due in 60 days or sooner after any incident.,0,approved,2026-10-08 07:34:04
26,RES004,falls,2026-04-18,P. Sharma,2026-06-17,20,very_high,"Walking frame, supervised; polypharmacy (4 medicines); Lewy Body Dementia.","Hourly checks, sensor mat, low bed.",,,Falls risk assessed as very high with a score of 20/25 on 2026-04-18. Review due in 60 days or sooner after any incident.,0,approved,2026-10-08 07:34:04
27,RES004,falls,2026-06-17,C. Fernandes,2026-08-16,23,very_high,"Walking frame, supervised; polypharmacy (4 medicines); Lewy Body Dementia.","Hourly checks, sensor mat, low bed.",,,Falls risk assessed as very high with a score of 23/25 on 2026-06-17. Review due in 60 days or sooner after any incident.,0,approved,2026-10-08 07:34:04
28,RES004,falls,2026-08-16,R. Kowalski,2026-10-15,22,very_high,"Walking frame, supervised; polypharmacy (4 medicines); Lewy Body Dementia.","Hourly checks, sensor mat, low bed.",,,Falls risk assessed as very high with a score of 22/25 on 2026-08-16. Review due in 60 days or sooner after any incident.,0,approved,2026-10-08 07:34:04
29,RES005,falls,2025-08-21,D. Osei,2025-10-20,11,medium,Requires 2-person assist; polypharmacy (5 medicines); Heart Failure.,Standard falls precautions and call bell in reach.,,,Falls risk assessed as medium with a score of 11/25 on 2025-08-21. Review due in 60 days or sooner after any incident.,0,approved,2026-10-08 07:34:04
30,RES005,falls,2025-10-20,R. Kowalski,2025-12-19,16,high,Requires 2-person assist; polypharmacy (5 medicines); Heart Failure.,"Hourly checks, sensor mat, low bed.",,,Falls risk assessed as high with a score of 16/25 on 2025-10-20. Review due in 60 days or sooner after any incident.,0,approved,2026-10-08 07:34:04
31,RES005,falls,2025-12-19,C. Fernandes,2026-02-17,23,very_high,Requires 2-person assist; polypharmacy (5 medicines); Heart Failure.,"Hourly checks, sensor mat, low bed.",,,Falls risk assessed as very high with a score of 23/25 on 2025-12-19. Review due in 60 days or sooner after any incident.,0,approved,2026-10-08 07:34:04
32,RES005,falls,2026-02-17,C. Fernandes,2026-04-18,18,very_high,Requires 2-person assist; polypharmacy (5 medicines); Heart Failure.,"Hourly checks, sensor mat, low bed.",,,Falls risk assessed as very high with a score of 18/25 on 2026-02-17. Review due in 60 days or sooner after any incident.,0,approved,2026-10-08 07:34:04
33,RES005,falls,2026-04-18,R. Kowalski,2026-06-17,13,high,Requires 2-person assist; polypharmacy (5 medicines); Heart Failure.,"Hourly checks, sensor mat, low bed.",,,Falls risk assessed as high with a score of 13/25 on 2026-04-18. Review due in 60 days or sooner after any incident.,0,approved,2026-10-08 07:34:04
34,RES005,falls,2026-06-17,L. Ahmed,2026-08-16,15,high,Requires 2-person assist; polypharmacy (5 medicines); Heart Failure.,"Hourly checks, sensor mat, low bed.",,,Falls risk assessed as high with a score of 15/25 on 2026-06-17. Review due in 60 days or sooner after any incident.,0,approved,2026-10-08 07:34:04
35,RES005,falls,2026-08-16,A. Whitfield,2026-10-15,14,high,Requires 2-person assist; polypharmacy (5 medicines); Heart Failure.,"Hourly checks, sensor mat, low bed.",,,Falls risk assessed as high with a score of 14/25 on 2026-08-16. Review due in 60 days or sooner after any incident.,0,approved,2026-10-08 07:34:04
