id,resident_id,assessment_date,assessed_by,period_covered,physical_health_score,mental_health_score,social_engagement_score,personal_care_score,nutrition_score,pain_management_score,overall_score,physical_notes,mental_notes,social_notes,goals_progress,concerns,positive_outcomes,actions_next_period,family_feedback,resident_voice,summary,ai_generated,status,created
1,RES001,2025-08-21,L. Ahmed,Fortnight,6,6,5,6,6,6,6,Physically stable over the period.,Engaged and orientated.,,,,,,,,Overall wellbeing scored 6/10 for the fortnight ending 2025-08-21.,0,approved,2026-10-08 07:34:04
2,RES001,2025-09-04,R. Kowalski,Fortnight,7,7,6,7,7,7,7,Physically stable over the period.,Engaged and orientated.,,,,,,,,Overall wellbeing scored 7/10 for the fortnight ending 2025-09-04.,0,approved,2026-10-08 07:34:04
3,RES001,2025-09-18,T. Nguyen,Fortnight,7,7,6,7,7,7,7,Some physical decline noted.,Intermittently low in mood.,,,,,,,,Overall wellbeing scored 7/10 for the fortnight ending 2025-09-18.,0,approved,2026-10-08 07:34:04
4,RES001,2025-10-02,D. Osei,Fortnight,7,7,6,7,7,7,7,Physically stable over the period.,Engaged and orientated.,,,,,,,,Overall wellbeing scored 7/10 for the fortnight ending 2025-10-02.,0,approved,2026-10-08 07:34:04
5,RES001,2025-10-16,B. Mensah,Fortnight,7,7,6,7,7,7,7,Some physical decline noted.,Intermittently low in mood.,,,,,,,,Overall wellbeing scored 7/10 for the fortnight ending 2025-10-16.,0,approved,2026-10-08 07:34:04
6,RES001,2025-10-30,C. Fernandes,Fortnight,7,7,6,7,7,7,7,Physically stable over the period.,Engaged and orientated.,,,,,,,,Overall wellbeing scored 7/10 for the fortnight ending 2025-10-30.,0,approved,2026-10-08 07:34:04
7,RES001,2025-11-13,S. Patel,Fortnight,8,8,7,8,8,8,8,Some physical decline noted.,Intermittently low in mood.,,,,,,,,Overall wellbeing scored 8/10 for the fortnight ending 2025-11-13.,0,approved,2026-10-08 07:34:04
8,RES001,2025-11-27,K. Adeyemi,Fortnight,7,7,6,7,7,7,7,Some physical decline noted.,Intermittently low in mood.,,,,,,,,Overall wellbeing scored 7/10 for the fortnight ending 2025-11-27.,0,approved,2026-10-08 07:34:04
9,RES001,2025-12-11,P. Sharma,Fortnight,7,7,6,7,7,7,7,Physically stable over the period.,Engaged and orientated.,,,,,,,,Overall wellbeing scored 7/10 for the fortnight ending 2025-12-11.,0,approved,2026-10-08 07:34:04
10,RES001,2025-12-25,M. Nowak,Fortnight,7,7,6,7,7,7,7,Some physical decline noted.,Intermittently low in mood.,,,,,,,,Overall wellbeing scored 7/10 for the fortnight ending 2025-12-25.,0,approved,2026-10-08 07:34:04
11,RES001,2026-01-08,J. Okafor,Fortnight,7,7,6,7,7,7,7,Some physical decline noted.,Intermittently low in mood.,,,,,,,,Overall wellbeing scored 7/10 for the fortnight ending 2026-01-08.,0,approved,2026-10-08 07:34:04
12,RES001,2026-01-22,S. Patel,Fortnight,6,6,5,6,6,6,6,Some physical decline noted.,Intermittently low in mood.,,,,,,,,Overall wellbeing scored 6/10 for the fortnight ending 2026-01-22.,0,approved,2026-10-08 07:34:04
13,RES001,2026-02-05,P. Sharma,Fortnight,6,6,5,6,6,6,6,Some physical decline noted.,Intermittently low in mood.,,,,,,,,Overall wellbeing scored 6/10 for the fortnight ending 2026-02-05.,0,approved,2026-10-08 07:34:04
14,RES001,2026-02-19,P. Sharma,Fortnight,6,6,5,6,6,6,6,Some physical decline noted.,Intermittently low in mood.,,,,,,,,Overall wellbeing scored 6/10 for the fortnight ending 2026-02-19.,0,approved,2026-10-08 07:34:04
15,RES001,2026-03-05,D. Osei,Fortnight,5,5,4,5,5,5,5,Some physical decline noted.,Intermittently low in mood.,,,,,,,,Overall wellbeing scored 5/10 for the fortnight ending 2026-03-05.,0,approved,2026-10-08 07:34:04
16,RES001,2026-03-19,B. Mensah,Fortnight,6,6,5,6,6,6,6,Some physical decline noted.,Intermittently low in mood.,,,,,,,,Overall wellbeing scored 6/10 for the fortnight ending 2026-03-19.,0,approved,2026-10-08 07:34:04
17,RES001,2026-04-02,T. Nguyen,Fortnight,6,6,5,6,6,6,6,Some physical decline noted.,Intermittently low in mood.,,,,,,,,Overall wellbeing scored 6/10 for the fortnight ending 2026-04-02.,0,approved,2026-10-08 07:34:04
18,RES001,2026-04-16,B. Mensah,Fortnight,5,5,4,5,5,5,5,Some physical decline noted.,Intermittently low in mood.,,,,,,,,Overall wellbeing scored 5/10 for the fortnight ending 2026-04-16.,0,approved,2026-10-08 07:34:04
19,RES001,2026-04-30,R. Kowalski,Fortnight,5,5,4,5,5,5,5,Some physical decline noted.,Intermittently low in mood.,,,,,,,,Overall wellbeing scored 5/10 for the fortnight ending 2026-04-30.,0,approved,2026-10-08 07:34:04
20,RES001,2026-05-14,A. Whitfield,Fortnight,4,4,3,4,4,4,4,Some physical decline noted.,Intermittently low in mood.,,,,,,,,Overall wellbeing scored 4/10 for the fortnight ending 2026-05-14.,0,approved,2026-10-08 07:34:04
21,RES001,2026-05-28,A. Whitfield,Fortnight,5,5,4,5,5,5,5,Some physical decline noted.,Intermittently low in mood.,,,,,,,,Overall wellbeing scored 5/10 for the fortnight ending 2026-05-28.,0,approved,2026-10-08 07:34:04
22,RES001,2026-06-11,C. Fernandes,Fortnight,5,5,4,5,5,5,5,Some physical decline noted.,Intermittently low in mood.,,,,,,,,Overall wellbeing scored 5/10 for the fortnight ending 2026-06-11.,0,approved,2026-10-08 07:34:04
23,RES001,2026-06-25,L. Ahmed,Fortnight,6,6,5,6,6,6,6,Some physical decline noted.,Intermittently low in mood.,,,,,,,,Overall wellbeing scored 6/10 for the fortnight ending 2026-06-25.,0,approved,2026-10-08 07:34:04
24,RES001,2026-07-09,M. Nowak,Fortnight,6,6,5,6,6,6,6,Some physical decline noted.,Intermittently low in mood.,,,,,,,,Overall wellbeing scored 6/10 for the fortnight ending 2026-07-09.,0,approved,2026-10-08 07:34:04
25,RES001,2026-07-23,B. Mensah,Fortnight,6,6,5,6,6,6,6,Some physical decline noted.,Intermittently low in mood.,,,,,,,,Overall wellbeing scored 6/10 for the fortnight ending 2026-07-23.,0,approved,2026-10-08 07:34:04
26,RES001,2026-08-06,A. Whitfield,Fortnight,6,6,5,6,6,6,6,Some physical decline noted.,Intermittently low in mood.,,,,,,,,Overall wellbeing scored 6/10 for the fortnight ending 2026-08-06.,0,approved,2026-10-08 07:34:04
27,RES001,2026-08-20,B. Mensah,Fortnight,6,6,5,6,6,6,6,Some physical decline noted.,Intermittently low in mood.,,,,,,,,Overall wellbeing scored 6/10 for the fortnight ending 2026-08-20.,0,approved,2026-10-08 07:34:04
28,RES002,2025-08-21,K. Adeyemi,Fortnight,7,7,6,7,7,7,7,Physically stable over the period.,Engaged and orientated.,,,,,,,,Overall wellbeing scored 7/10 for the fortnight ending 2025-08-21.,0,approved,2026-10-08 07:34:04
29,RES002,2025-09-04,M. Nowak,Fortnight,7,7,6,7,7,7,7,Some physical decline noted.,Intermittently low in mood.,,,,,,,,Overall wellbeing scored 7/10 for the fortnight ending 2025-09-04.,0,approved,2026-10-08 07:34:04
30,RES002,2025-09-18,P. Sharma,Fortnight,6,6,5,6,6,6,6,Some physical decline noted.,Intermittently low in mood.,,,,,,,,Overall wellbeing scored 6/10 for the fortnight ending 2025-09-18.,0,approved,2026-10-08 07:34:04
31,RES002,2025-10-02,L. Ahmed,Fortnight,6,6,5,6,6,6,6,Some physical decline noted.,Intermittently low in mood.,,,,,,,,Overall wellbeing scored 6/10 for the fortnight ending 2025-10-02.,0,approved,2026-10-08 07:34:04
32,RES002,2025-10-16,K. Adeyemi,Fortnight,7,7,6,7,7,7,7,Some physical decline noted.,Intermittently low in mood.,,,,,,,,Overall wellbeing scored 7/10 for the fortnight ending 2025-10-16.,0,approved,2026-10-08 07:34:04
33,RES002,2025-10-30,A. Whitfield,Fortnight,6,6,5,6,6,6,6,Physically stable over the period.,Engaged and orientated.,,,,,,,,Overall wellbeing scored 6/10 for the fortnight ending 2025-10-30.,0,approved,2026-10-08 07:34:04
34,RES002,2025-11-13,J. Okafor,Fortnight,7,7,6,7,7,7,7,Physically stable over the period.,Engaged and orientated.,,,,,,,,Overall wellbeing scored 7/10 for the fortnight ending 2025-11-13.,0,approved,2026-10-08 07:34:04
35,RES002,2025-11-27,M. Nowak,Fortnight,7,7,6,7,7,7,7,Physically stable over the period.,Engaged and orientated.,,,,,,,,Overall wellbeing scored 7/10 for the fortnight ending 2025-11-27.,0,approved,2026-10-08 07:34:04
36,RES002,2025-12-11,R. Kowalski,Fortnight,7,7,6,7,7,7,7,Some physical decline noted.,Intermittently low in mood.,,,,,,,,Overall wellbeing scored 7/10 for the fortnight ending 2025-12-11.,0,approved,2026-10-08 07:34:04
37,RES002,2025-12-25,M. Nowak,Fortnight,6,6,5,6,6,6,6,Some physical decline noted.,Intermittently low in mood.,,,,,,,,Overall wellbeing scored 6/10 for the fortnight ending 2025-12-25.,0,approved,2026-10-08 07:34:04
38,RES002,2026-01-08,B. Mensah,Fortnight,7,7,6,7,7,7,7,Some physical decline noted.,Intermittently low in mood.,,,,,,,,Overall wellbeing scored 7/10 for the fortnight ending 2026-01-08.,0,approved,2026-10-08 07:34:04
39,RES002,2026-01-22,D. Osei,Fortnight,7,7,6,7,7,7,7,Some physical decline noted.,Intermittently low in mood.,,,,,,,,Overall wellbeing scored 7/10 for the fortnight ending 2026-01-22.,0,approved,2026-10-08 07:34:04
40,RES002,2026-02-05,C. Fernandes,Fortnight,6,6,5,6,6,6,6,Some physical decline noted.,Intermittently low in mood.,,,,,,,,Overall wellbeing scored 6/10 for the fortnight ending 2026-02-05.,0,approved,2026-10-08 07:34:04
41,RES002,2026-02-19,D. Osei,Fortnight,7,7,6,7,7,7,7,Some physical decline noted.,Intermittently low in mood.,,,,,,,,Overall wellbeing scored 7/10 for the fortnight ending 2026-02-19.,0,approved,2026-10-08 07:34:04
42,RES002,2026-03-05,C. Fernandes,Fortnight,7,7,6,7,7,7,7,Some physical decline noted.,Intermittently low in mood.,,,,,,,,Overall wellbeing scored 7/10 for the fortnight ending 2026-03-05.,0,approved,2026-10-08 07:34:04
43,RES002,2026-03-19,K. Adeyemi,Fortnight,6,6,5,6,6,6,6,Some physical decline noted.,Intermittently low in mood.,,,,,,,,Overall wellbeing scored 6/10 for the fortnight ending 2026-03-19.,0,approved,2026-10-08 07:34:04
44,RES002,2026-04-02,C. Fernandes,Fortnight,6,6,5,6,6,6,6,Some physical decline noted.,Intermittently low in mood.,,,,,,,,Overall wellbeing scored 6/10 for the fortnight ending 2026-04-02.,0,approved,2026-10-08 07:34:04
45,RES002,2026-04-16,P. Sharma,Fortnight,6,6,5,6,6,6,6,Some physical decline noted.,Intermittently low in mood.,,,,,,,,Overall wellbeing scored 6/10 for the fortnight ending 2026-04-16.,0,approved,2026-10-08 07:34:04
46,RES002,2026-04-30,K. Adeyemi,Fortnight,8,8,7,8,8,8,8,Some physical decline noted.,Intermittently low in mood.,,,,,,,,Overall wellbeing scored 8/10 for the fortnight ending 2026-04-30.,0,approved,2026-10-08 07:34:04
47,RES002,2026-05-14,T. Nguyen,Fortnight,7,7,6,7,7,7,7,Some physical decline noted.,Intermittently low in mood.,,,,,,,,Overall wellbeing scored 7/10 for the fortnight ending 2026-05-14.,0,approved,2026-10-08 07:34:04
48,RES002,2026-05-28,D. Osei,Fortnight,5,5,4,5,5,5,5,Marked physical deterioration this fortnight.,Withdrawn and frequently distressed.,,,,,,,,Overall wellbeing scored 5/10 for the fortnight ending 2026-05-28.,0,approved,2026-10-08 07:34:04
49,RES002,2026-06-11,A. Whitfield,Fortnight,3,3,2,3,3,3,3,Marked physical deterioration this fortnight.,Withdrawn and frequently distressed.,,,,,,,,Overall wellbeing scored 3/10 for the fortnight ending 2026-06-11.,0,approved,2026-10-08 07:34:04
50,RES002,2026-06-25,L. Ahmed,Fortnight,4,4,3,4,4,4,4,Marked physical deterioration this fortnight.,Withdrawn and frequently distressed.,,,,,,,,Overall wellbeing scored 4/10 for the fortnight ending 2026-06-25.,0,approved,2026-10-08 07:34:04
51,RES002,2026-07-09,K. Adeyemi,Fortnight,5,5,4,5,5,5,5,Some physical decline noted.,Intermittently low in mood.,,,,,,,,Overall wellbeing scored 5/10 for the fortnight ending 2026-07-09.,0,approved,2026-10-08 07:34:04
52,RES002,2026-07-23,P. Sharma,Fortnight,6,6,5,6,6,6,6,Some physical decline noted.,Intermittently low in mood.,,,,,,,,Overall wellbeing scored 6/10 for the fortnight ending 2026-07-23.,0,approved,2026-10-08 07:34:04
53,RES002,2026-08-06,A. Whitfield,Fortnight,5,5,4,5,5,5,5,Some physical decline noted.,Intermittently low in mood.,,,,,,,,Overall wellbeing scored 5/10 for the fortnight ending 2026-08-06.,0,approved,2026-10-08 07:34:04
54,RES002,2026-08-20,J. Okafor,Fortnight,6,6,5,6,6,6,6,Some physical decline noted.,Intermittently low in mood.,,,,,,,,Overall wellbeing scored 6/10 for the fortnight ending 2026-08-20.,0,approved,2026-10-08 07:34:04
55,RES003,2025-08-21,J. Okafor,Fortnight,8,8,7,8,8,8,8,Physically stable over the period.,Engaged and orientated.,,,,,,,,Overall wellbeing scored 8/10 for the fortnight ending 2025-08-21.,0,approved,2026-10-08 07:34:04
56,RES003,2025-09-04,P. Sharma,Fortnight,7,7,6,7,7,7,7,Some physical decline noted.,Intermittently low in mood.,,,,,,,,Overall wellbeing scored 7/10 for the fortnight ending 2025-09-04.,0,approved,2026-10-08 07:34:04
57,RES003,2025-09-18,J. Okafor,Fortnight,6,6,5,6,6,6,6,Some physical decline noted.,Intermittently low in mood.,,,,,,,,Overall wellbeing scored 6/10 for the fortnight ending 2025-09-18.,0,approved,2026-10-08 07:34:04
58,RES003,2025-10-02,D. Osei,Fortnight,8,8,7,8,8,8,8,Physically stable over the period.,Engaged and orientated.,,,,,,,,Overall wellbeing scored 8/10 for the fortnight ending 2025-10-02.,0,approved,2026-10-08 07:34:04
59,RES003,2025-10-16,K. Adeyemi,Fortnight,7,7,6,7,7,7,7,Physically stable over the period.,Engaged and orientated.,,,,,,,,Overall wellbeing scored 7/10 for the fortnight ending 2025-10-16.,0,approved,2026-10-08 07:34:04
60,RES003,2025-10-30,M. Nowak,Fortnight,8,8,7,8,8,8,8,Physically stable over the period.,Engaged and orientated.,,,,,,,,Overall wellbeing scored 8/10 for the fortnight ending 2025-10-30.,0,approved,2026-10-08 07:34:04
61,RES003,2025-11-13,C. Fernandes,Fortnight,7,7,6,7,7,7,7,Physically stable over the period.,Engaged and orientated.,,,,,,,,Overall wellbeing scored 7/10 for the fortnight ending 2025-11-13.,0,approved,2026-10-08 07:34:04
62,RES003,2025-11-27,D. Osei,Fortnight,7,7,6,7,7,7,7,Physically stable over the period.,Engaged and orientated.,,,,,,,,Overall wellbeing scored 7/10 for the fortnight ending 2025-11-27.,0,approved,2026-10-08 07:34:04
63,RES003,2025-12-11,D. Osei,Fortnight,8,8,7,8,8,8,8,Physically stable over the period.,Engaged and orientated.,,,,,,,,Overall wellbeing scored 8/10 for the fortnight ending 2025-12-11.,0,approved,2026-10-08 07:34:04
64,RES003,2025-12-25,K. Adeyemi,Fortnight,8,8,7,8,8,8,8,Physically stable over the period.,Engaged and orientated.,,,,,,,,Overall wellbeing scored 8/10 for the fortnight ending 2025-12-25.,0,approved,2026-10-08 07:34:04
65,RES003,2026-01-08,D. Osei,Fortnight,8,8,7,8,8,8,8,Physically stable over the period.,Engaged and orientated.,,,,,,,,Overall wellbeing scored 8/10 for the fortnight ending 2026-01-08.,0,approved,2026-10-08 07:34:04
66,RES003,2026-01-22,K. Adeyemi,Fortnight,8,8,7,8,8,8,8,Physically stable over the period.,Engaged and orientated.,,,,,,,,Overall wellbeing scored 8/10 for the fortnight ending 2026-01-22.,0,approved,2026-10-08 07:34:04
67,RES003,2026-02-05,A. Whitfield,Fortnight,8,8,7,8,8,8,8,Physically stable over the period.,Engaged and orientated.,,,,,,,,Overall wellbeing scored 8/10 for the fortnight ending 2026-02-05.,0,approved,2026-10-08 07:34:04
68,RES003,2026-02-19,S. Patel,Fortnight,8,8,7,8,8,8,8,Physically stable over the period.,Engaged and orientated.,,,,,,,,Overall wellbeing scored 8/10 for the fortnight ending 2026-02-19.,0,approved,2026-10-08 07:34:04
69,RES003,2026-03-05,L. Ahmed,Fortnight,8,8,7,8,8,8,8,Physically stable over the period.,Engaged and orientated.,,,,,,,,Overall wellbeing scored 8/10 for the fortnight ending 2026-03-05.,0,approved,2026-10-08 07:34:04
70,RES003,2026-03-19,M. Nowak,Fortnight,7,7,6,7,7,7,7,Physically stable over the period.,Engaged and orientated.,,,,,,,,Overall wellbeing scored 7/10 for the fortnight ending 2026-03-19.,0,approved,2026-10-08 07:34:04
71,RES003,2026-04-02,P. Sharma,Fortnight,7,7,6,7,7,7,7,Physically stable over the period.,Engaged and orientated.,,,,,,,,Overall wellbeing scored 7/10 for the fortnight ending 2026-04-02.,0,approved,2026-10-08 07:34:04
72,RES003,2026-04-16,M. Nowak,Fortnight,5,5,4,5,5,5,5,Some physical decline noted.,Intermittently low in mood.,,,,,,,,Overall wellbeing scored 5/10 for the fortnight ending 2026-04-16.,0,approved,2026-10-08 07:34:04
73,RES003,2026-04-30,R. Kowalski,Fortnight,4,4,3,4,4,4,4,Marked physical deterioration this fortnight.,Withdrawn and frequently distressed.,,,,,,,,Overall wellbeing scored 4/10 for the fortnight ending 2026-04-30.,0,approved,2026-10-08 07:34:04
74,RES003,2026-05-14,T. Nguyen,Fortnight,5,5,4,5,5,5,5,Marked physical deterioration this fortnight.,Withdrawn and frequently distressed.,,,,,,,,Overall wellbeing scored 5/10 for the fortnight ending 2026-05-14.,0,approved,2026-10-08 07:34:04
75,RES003,2026-05-28,M. Nowak,Fortnight,5,5,4,5,5,5,5,Some physical decline noted.,Intermittently low in mood.,,,,,,,,Overall wellbeing scored 5/10 for the fortnight ending 2026-05-28.,0,approved,2026-10-08 07:34:04
76,RES003,2026-06-11,A. Whitfield,Fortnight,3,3,2,3,3,3,3,Marked physical deterioration this fortnight.,Withdrawn and frequently distressed.,,,,,,,,Overall wellbeing scored 3/10 for the fortnight ending 2026-06-11.,0,approved,2026-10-08 07:34:04
77,RES003,2026-06-25,P. Sharma,Fortnight,4,4,3,4,4,4,4,Marked physical deterioration this fortnight.,Withdrawn and frequently distressed.,,,,,,,,Overall wellbeing scored 4/10 for the fortnight ending 2026-06-25.,0,approved,2026-10-08 07:34:04
78,RES003,2026-07-09,A. Whitfield,Fortnight,6,6,5,6,6,6,6,Some physical decline noted.,Intermittently low in mood.,,,,,,,,Overall wellbeing scored 6/10 for the fortnight ending 2026-07-09.,0,approved,2026-10-08 07:34:04
79,RES003,2026-07-23,K. Adeyemi,Fortnight,7,7,6,7,7,7,7,Some physical decline noted.,Intermittently low in mood.,,,,,,,,Overall wellbeing scored 7/10 for the fortnight ending 2026-07-23.,0,approved,2026-10-08 07:34:04
80,RES003,2026-08-06,D. Osei,Fortnight,7,7,6,7,7,7,7,Some physical decline noted.,Intermittently low in mood.,,,,,,,,Overall wellbeing scored 7/10 for the fortnight ending 2026-08-06.,0,approved,2026-10-08 07:34:04
81,RES003,2026-08-20,P. Sharma,Fortnight,6,6,5,6,6,6,6,Some physical decline noted.,Intermittently low in mood.,,,,,,,,Overall wellbeing scored 6/10 for the fortnight ending 2026-08-20.,0,approved,2026-10-08 07:34:04
82,RES004,2025-08-21,J. Okafor,Fortnight,7,7,6,7,7,7,7,Physically stable over the period.,Engaged and orientated.,,,,,,,,Overall wellbeing scored 7/10 for the fortnight ending 2025-08-21.,0,approved,2026-10-08 07:34:04
83,RES004,2025-09-04,R. Kowalski,Fortnight,7,7,6,7,7,7,7,Some physical decline noted.,Intermittently low in mood.,,,,,,,,Overall wellbeing scored 7/10 for the fortnight ending 2025-09-04.,0,approved,2026-10-08 07:34:04
84,RES004,2025-09-18,D. Osei,Fortnight,6,6,5,6,6,6,6,Some physical decline noted.,Intermittently low in mood.,,,,,,,,Overall wellbeing scored 6/10 for the fortnight ending 2025-09-18.,0,approved,2026-10-08 07:34:04
85,RES004,2025-10-02,M. Nowak,Fortnight,6,6,5,6,6,6,6,Some physical decline noted.,Intermittently low in mood.,,,,,,,,Overall wellbeing scored 6/10 for the fortnight ending 2025-10-02.,0,approved,2026-10-08 07:34:04
86,RES004,2025-10-16,P. Sharma,Fortnight,6,6,5,6,6,6,6,Some physical decline noted.,Intermittently low in mood.,,,,,,,,Overall wellbeing scored 6/10 for the fortnight ending 2025-10-16.,0,approved,2026-10-08 07:34:04
87,RES004,2025-10-30,S. Patel,Fortnight,5,5,4,5,5,5,5,Some physical decline noted.,Intermittently low in mood.,,,,,,,,Overall wellbeing scored 5/10 for the fortnight ending 2025-10-30.,0,approved,2026-10-08 07:34:04
88,RES004,2025-11-13,S. Patel,Fortnight,4,4,3,4,4,4,4,Marked physical deterioration this fortnight.,Withdrawn and frequently distressed.,,,,,,,,Overall wellbeing scored 4/10 for the fortnight ending 2025-11-13.,0,approved,2026-10-08 07:34:04
89,RES004,2025-11-27,T. Nguyen,Fortnight,3,3,2,3,3,3,3,Marked physical deterioration this fortnight.,Withdrawn and frequently distressed.,,,,,,,,Overall wellbeing scored 3/10 for the fortnight ending 2025-11-27.,0,approved,2026-10-08 07:34:04
90,RES004,2025-12-11,J. Okafor,Fortnight,4,4,3,4,4,4,4,Marked physical deterioration this fortnight.,Withdrawn and frequently distressed.,,,,,,,,Overall wellbeing scored 4/10 for the fortnight ending 2025-12-11.,0,approved,2026-10-08 07:34:04
91,RES004,2025-12-25,R. Kowalski,Fortnight,4,4,3,4,4,4,4,Marked physical deterioration this fortnight.,Withdrawn and frequently distressed.,,,,,,,,Overall wellbeing scored 4/10 for the fortnight ending 2025-12-25.,0,approved,2026-10-08 07:34:04
92,RES004,2026-01-08,T. Nguyen,Fortnight,5,5,4,5,5,5,5,Marked physical deterioration this fortnight.,Withdrawn and frequently distressed.,,,,,,,,Overall wellbeing scored 5/10 for the fortnight ending 2026-01-08.,0,approved,2026-10-08 07:34:04
93,RES004,2026-01-22,L. Ahmed,Fortnight,4,4,3,4,4,4,4,Marked physical deterioration this fortnight.,Withdrawn and frequently distressed.,,,,,,,,Overall wellbeing scored 4/10 for the fortnight ending 2026-01-22.,0,approved,2026-10-08 07:34:04
94,RES004,2026-02-05,P. Sharma,Fortnight,4,4,3,4,4,4,4,Marked physical deterioration this fortnight.,Withdrawn and frequently distressed.,,,,,,,,Overall wellbeing scored 4/10 for the fortnight ending 2026-02-05.,0,approved,2026-10-08 07:34:04
95,RES004,2026-02-19,C. Fernandes,Fortnight,4,4,3,4,4,4,4,Marked physical deterioration this fortnight.,Withdrawn and frequently distressed.,,,,,,,,Overall wellbeing scored 4/10 for the fortnight ending 2026-02-19.,0,approved,2026-10-08 07:34:04
96,RES004,2026-03-05,C. Fernandes,Fortnight,5,5,4,5,5,5,5,Marked physical deterioration this fortnight.,Withdrawn and frequently distressed.,,,,,,,,Overall wellbeing scored 5/10 for the fortnight ending 2026-03-05.,0,approved,2026-10-08 07:34:04
97,RES004,2026-03-19,D. Osei,Fortnight,4,4,3,4,4,4,4,Marked physical deterioration this fortnight.,Withdrawn and frequently distressed.,,,,,,,,Overall wellbeing scored 4/10 for the fortnight ending 2026-03-19.,0,approved,2026-10-08 07:34:04
98,RES004,2026-04-02,K. Adeyemi,Fortnight,4,4,3,4,4,4,4,Marked physical deterioration this fortnight.,Withdrawn and frequently distressed.,,,,,,,,Overall wellbeing scored 4/10 for the fortnight ending 2026-04-02.,0,approved,2026-10-08 07:34:04
99,RES004,2026-04-16,M. Nowak,Fortnight,4,4,3,4,4,4,4,Marked physical deterioration this fortnight.,Withdrawn and frequently distressed.,,,,,,,,Overall wellbeing scored 4/10 for the fortnight ending 2026-04-16.,0,approved,2026-10-08 07:34:04
100,RES004,2026-04-30,J. Okafor,Fortnight,3,3,2,3,3,3,3,Marked physical deterioration this fortnight.,Withdrawn and frequently distressed.,,,,,,,,Overall wellbeing scored 3/10 for the fortnight ending 2026-04-30.,0,approved,2026-10-08 07:34:04
101,RES004,2026-05-14,K. Adeyemi,Fortnight,3,3,2,3,3,3,3,Marked physical deterioration this fortnight.,Withdrawn and frequently distressed.,,,,,,,,Overall wellbeing scored 3/10 for the fortnight ending 2026-05-14.,0,approved,2026-10-08 07:34:04
102,RES004,2026-05-28,T. Nguyen,Fortnight,2,2,1,2,2,2,2,Marked physical deterioration this fortnight.,Withdrawn and frequently distressed.,,,,,,,,Overall wellbeing scored 2/10 for the fortnight ending 2026-05-28.,0,approved,2026-10-08 07:34:04
103,RES004,2026-06-11,A. Whitfield,Fortnight,2,2,1,2,2,2,2,Marked physical deterioration this fortnight.,Withdrawn and frequently distressed.,,,,,,,,Overall wellbeing scored 2/10 for the fortnight ending 2026-06-11.,0,approved,2026-10-08 07:34:04
104,RES004,2026-06-25,S. Patel,Fortnight,2,2,1,2,2,2,2,Marked physical deterioration this fortnight.,Withdrawn and frequently distressed.,,,,,,,,Overall wellbeing scored 2/10 for the fortnight ending 2026-06-25.,0,approved,2026-10-08 07:34:04
105,RES004,2026-07-09,M. Nowak,Fortnight,3,3,2,3,3,3,3,Marked physical deterioration this fortnight.,Withdrawn and frequently distressed.,,,,,,,,Overall wellbeing scored 3/10 for the fortnight ending 2026-07-09.,0,approved,2026-10-08 07:34:04
106,RES004,2026-07-23,A. Whitfield,Fortnight,2,2,1,2,2,2,2,Marked physical deterioration this fortnight.,Withdrawn and frequently distressed.,,,,,,,,Overall wellbeing scored 2/10 for the fortnight ending 2026-07-23.,0,approved,2026-10-08 07:34:04
107,RES004,2026-08-06,A. Whitfield,Fortnight,2,2,1,2,2,2,2,Marked physical deterioration this fortnight.,Withdrawn and frequently distressed.,,,,,,,,Overall wellbeing scored 2/10 for the fortnight ending 2026-08-06.,0,approved,2026-10-08 07:34:04
108,RES004,2026-08-20,A. Whitfield,Fortnight,3,3,2,3,3,3,3,Marked physical deterioration this fortnight.,Withdrawn and frequently distressed.,,,,,,,,Overall wellbeing scored 3/10 for the fortnight ending 2026-08-20.,0,approved,2026-10-08 07:34:04
109,RES005,2025-08-21,M. Nowak,Fortnight,6,6,5,6,6,6,6,Some physical decline noted.,Intermittently low in mood.,,,,,,,,Overall wellbeing scored 6/10 for the fortnight ending 2025-08-21.,0,approved,2026-10-08 07:34:04
110,RES005,2025-09-04,S. Patel,Fortnight,6,6,5,6,6,6,6,Some physical decline noted.,Intermittently low in mood.,,,,,,,,Overall wellbeing scored 6/10 for the fortnight ending 2025-09-04.,0,approved,2026-10-08 07:34:04
111,RES005,2025-09-18,T. Nguyen,Fortnight,5,5,4,5,5,5,5,Some physical decline noted.,Intermittently low in mood.,,,,,,,,Overall wellbeing scored 5/10 for the fortnight ending 2025-09-18.,0,approved,2026-10-08 07:34:04
112,RES005,2025-10-02,J. Okafor,Fortnight,5,5,4,5,5,5,5,Some physical decline noted.,Intermittently low in mood.,,,,,,,,Overall wellbeing scored 5/10 for the fortnight ending 2025-10-02.,0,approved,2026-10-08 07:34:04
113,RES005,2025-10-16,R. Kowalski,Fortnight,5,5,4,5,5,5,5,Some physical decline noted.,Intermittently low in mood.,,,,,,,,Overall wellbeing scored 5/10 for the fortnight ending 2025-10-16.,0,approved,2026-10-08 07:34:04
114,RES005,2025-10-30,B. Mensah,Fortnight,6,6,5,6,6,6,6,Some physical decline noted.,Intermittently low in mood.,,,,,,,,Overall wellbeing scored 6/10 for the fortnight ending 2025-10-30.,0,approved,2026-10-08 07:34:04
115,RES005,2025-11-13,T. Nguyen,Fortnight,6,6,5,6,6,6,6,Some physical decline noted.,Intermittently low in mood.,,,,,,,,Overall wellbeing scored 6/10 for the fortnight ending 2025-11-13.,0,approved,2026-10-08 07:34:04
116,RES005,2025-11-27,P. Sharma,Fortnight,6,6,5,6,6,6,6,Some physical decline noted.,Intermittently low in mood.,,,,,,,,Overall wellbeing scored 6/10 for the fortnight ending 2025-11-27.,0,approved,2026-10-08 07:34:04
117,RES005,2025-12-11,J. Okafor,Fortnight,2,2,1,2,2,2,2,Marked physical deterioration this fortnight.,Withdrawn and frequently distressed.,,,,,,,,Overall wellbeing scored 2/10 for the fortnight ending 2025-12-11.,0,approved,2026-10-08 07:34:04
118,RES005,2025-12-25,K. Adeyemi,Fortnight,2,2,1,2,2,2,2,Marked physical deterioration this fortnight.,Withdrawn and frequently distressed.,,,,,,,,Overall wellbeing scored 2/10 for the fortnight ending 2025-12-25.,0,approved,2026-10-08 07:34:04
119,RES005,2026-01-08,K. Adeyemi,Fortnight,3,3,2,3,3,3,3,Marked physical deterioration this fortnight.,Withdrawn and frequently distressed.,,,,,,,,Overall wellbeing scored 3/10 for the fortnight ending 2026-01-08.,0,approved,2026-10-08 07:34:04
120,RES005,2026-01-22,M. Nowak,Fortnight,2,2,1,2,2,2,2,Marked physical deterioration this fortnight.,Withdrawn and frequently distressed.,,,,,,,,Overall wellbeing scored 2/10 for the fortnight ending 2026-01-22.,0,approved,2026-10-08 07:34:04
121,RES005,2026-02-05,C. Fernandes,Fortnight,4,4,3,4,4,4,4,Marked physical deterioration this fortnight.,Withdrawn and frequently distressed.,,,,,,,,Overall wellbeing scored 4/10 for the fortnight ending 2026-02-05.,0,approved,2026-10-08 07:34:04
122,RES005,2026-02-19,C. Fernandes,Fortnight,4,4,3,4,4,4,4,Marked physical deterioration this fortnight.,Withdrawn and frequently distressed.,,,,,,,,Overall wellbeing scored 4/10 for the fortnight ending 2026-02-19.,0,approved,2026-10-08 07:34:04
123,RES005,2026-03-05,P. Sharma,Fortnight,5,5,4,5,5,5,5,Some physical decline noted.,Intermittently low in mood.,,,,,,,,Overall wellbeing scored 5/10 for the fortnight ending 2026-03-05.,0,approved,2026-10-08 07:34:04
124,RES005,2026-03-19,T. Nguyen,Fortnight,5,5,4,5,5,5,5,Some physical decline noted.,Intermittently low in mood.,,,,,,,,Overall wellbeing scored 5/10 for the fortnight ending 2026-03-19.,0,approved,2026-10-08 07:34:04
125,RES005,2026-04-02,K. Adeyemi,Fortnight,6,6,5,6,6,6,6,Some physical decline noted.,Intermittently low in mood.,,,,,,,,Overall wellbeing scored 6/10 for the fortnight ending 2026-04-02.,0,approved,2026-10-08 07:34:04
126,RES005,2026-04-16,L. Ahmed,Fortnight,7,7,6,7,7,7,7,Some physical decline noted.,Intermittently low in mood.,,,,,,,,Overall wellbeing scored 7/10 for the fortnight ending 2026-04-16.,0,approved,2026-10-08 07:34:04
127,RES005,2026-04-30,J. Okafor,Fortnight,7,7,6,7,7,7,7,Physically stable over the period.,Engaged and orientated.,,,,,,,,Overall wellbeing scored 7/10 for the fortnight ending 2026-04-30.,0,approved,2026-10-08 07:34:04
128,RES005,2026-05-14,T. Nguyen,Fortnight,7,7,6,7,7,7,7,Some physical decline noted.,Intermittently low in mood.,,,,,,,,Overall wellbeing scored 7/10 for the fortnight ending 2026-05-14.,0,approved,2026-10-08 07:34:04
129,RES005,2026-05-28,A. Whitfield,Fortnight,6,6,5,6,6,6,6,Some physical decline noted.,Intermittently low in mood.,,,,,,,,Overall wellbeing scored 6/10 for the fortnight ending 2026-05-28.,0,approved,2026-10-08 07:34:04
130,RES005,2026-06-11,S. Patel,Fortnight,6,6,5,6,6,6,6,Some physical decline noted.,Intermittently low in mood.,,,,,,,,Overall wellbeing scored 6/10 for the fortnight ending 2026-06-11.,0,approved,2026-10-08 07:34:04
131,RES005,2026-06-25,B. Mensah,Fortnight,6,6,5,6,6,6,6,Some physical decline noted.,Intermittently low in mood.,,,,,,,,Overall wellbeing scored 6/10 for the fortnight ending 2026-06-25.,0,approved,2026-10-08 07:34:04
132,RES005,2026-07-09,T. Nguyen,Fortnight,6,6,5,6,6,6,6,Some physical decline noted.,Intermittently low in mood.,,,,,,,,Overall wellbeing scored 6/10 for the fortnight ending 2026-07-09.,0,approved,2026-10-08 07:34:04
133,RES005,2026-07-23,D. Osei,Fortnight,5,5,4,5,5,5,5,Some physical decline noted.,Intermittently low in mood.,,,,,,,,Overall wellbeing scored 5/10 for the fortnight ending 2026-07-23.,0,approved,2026-10-08 07:34:04
134,RES005,2026-08-06,B. Mensah,Fortnight,6,6,5,6,6,6,6,Some physical decline noted.,Intermittently low in mood.,,,,,,,,Overall wellbeing scored 6/10 for the fortnight ending 2026-08-06.,0,approved,2026-10-08 07:34:04
135,RES005,2026-08-20,K. Adeyemi,Fortnight,6,6,5,6,6,6,6,Some physical decline noted.,Intermittently low in mood.,,,,,,,,Overall wellbeing scored 6/10 for the fortnight ending 2026-08-20.,0,approved,2026-10-08 07:34:04
